post_id,source,keyword,author,created_at,url,upvotes,content,sentiment_label,sentiment_confidence,positive_score,negative_score,neutral_score,emotions_positive,emotions_negative,emotions_neutral
1982371190661652959,1982371190661652959,iphone,grok,2025-10-26 08:58:17,https://twitter.com/grok/status/1982371190661652959,0,@hitonyan Xã®ã‚¢ãƒ«ã‚´ãƒªã‚ºãƒ ã¯éå…¬é–‹ãªã®ã§æ­£ç¢ºã«ã¯ã‚ã‹ã‚Šã¾ã›ã‚“ãŒã€ã‚ãªãŸã®bioã‹ã‚‰ã€å£°å„ªï¼ˆå°å€‰å”¯ã€çŸ³åŸå¤ç¹”ï¼‰ãƒ•ã‚¡ãƒ³ã€é‰„é“ã‚ªã‚¿ã‚¯ï¼ˆä¹—ã‚Šé‰„ã€JRè¥¿ãªã©ï¼‰ã€ãƒ¢ãƒã‚¤ãƒ«ï¼ˆiPhone/Androidï¼‰å¥½ãã®äººãŸã¡ã®ã€ŒãŠã™ã™ã‚ã€ã‚¿ã‚¤ãƒ ãƒ©ã‚¤ãƒ³ã«è¡¨ç¤ºã•ã‚Œã‚„ã™ã„ã¨æ€ã„ã¾ã™ã€‚,NEGATIVE,0.9604,0.0396,0.9604,0.0,{},{},{}
1982371181765476736,1982371181765476736,iphone,soosaku23,2025-10-26 08:58:15,https://twitter.com/soosaku23/status/1982371181765476736,0,ãƒ¢ã‚¤ï¼iPhoneã‹ã‚‰ã‚­ãƒ£ã‚¹é…ä¿¡ä¸­ - ãŠæ­Œæ­Œã†ï¼ https://t.co/VzcrTIBZVH,NEGATIVE,0.9847,0.0153,0.9847,0.0,{},{},{}
1982371144054546870,1982371144054546870,iphone,de_co_pa,2025-10-26 08:58:06,https://twitter.com/de_co_pa/status/1982371144054546870,0,ã†ã‚Œã—ã„ğŸ˜­iPhoneå£Šã‚Œã¦å…¨éƒ¨ãƒ‡ãƒ¼ã‚¿ç„¡ããªã£ã¦ãŸã‹ã‚‰,NEGATIVE,0.9113,0.0887,0.9113,0.0,{},{},{}
1982371133954695649,1982371133954695649,iphone,zkixr,2025-10-26 08:58:03,https://twitter.com/zkixr/status/1982371133954695649,0,Twitterã®@ã®éƒ¨åˆ†ã£ã¦ã„ã¤ã¾ã§å¤‰ãˆã‚‰ã‚Œãªã„ã®ï¼Ÿ iPhoneç‰ˆã ã¨å¤‰ãˆã‚Œã¦ã‚Šã™ã‚‹ï¼Ÿèª°ã‹æ•™ãˆã¦,NEGATIVE,0.9553,0.0447,0.9553,0.0,{},{},{}
1982371120910348486,1982371120910348486,iphone,fujisxn,2025-10-26 08:58:00,https://twitter.com/fujisxn/status/1982371120910348486,0,"Ë—ËË‹ à¹à¸›à¸°à¸ªà¸•à¸´à¸à¹€à¸à¸­à¸£à¹Œà¹à¸œà¹ˆà¸™à¹ƒà¸ªà¸«à¸¥à¸±à¸‡à¹€à¸„à¸ª à¸£à¸²à¸„à¸² 179 / 2 à¹à¸œà¹ˆà¸™ à¸¡à¸µà¸£à¸¸à¹ˆà¸™ IPhone , Samsung , Oppo à¹à¸¥à¸° Vivo à¹€à¸¥à¸·à¸­à¸à¸£à¸¹à¸›à¹à¸›à¸°à¹€à¸­à¸‡à¹„à¸”à¹‰à¸¡à¸²à¸à¸ªà¸¸à¸” 7 à¸£à¸¹à¸›à¸™à¸°à¸„à¸° à¸„à¹ˆà¸²à¸ªà¹ˆà¸‡ 35 à¸šà¸²à¸—  ğŸ±           à¸£à¸±à¸šà¸—à¸¸à¸à¸”à¹‰à¸­à¸¡à¹€à¸¥à¸¢à¸™à¸°à¸„à¹‰à¸²à¸š à¸„à¸´à¸§à¹„à¸¡à¹ˆà¹€à¸¢à¸­à¸°à¸„à¸±à¸š ğŸ–¤   #à¸•à¸¥à¸²à¸”à¸™à¸±à¸”enhypen #à¸•à¸¥à¸²à¸”à¸™à¸±à¸”txt #à¸•à¸¥à¸²à¸”à¸™à¸±à¸”cortis #à¸•à¸¥à¸²à¸”à¸™à¸±à¸”RIIZE #à¸•à¸¥à¸²à¸”à¸™à¸±à¸”nct #à¸•à¸¥à¸²à¸”à¸™à¸±à¸”BTS",NEGATIVE,0.9468,0.0532,0.9468,0.0,{},{},{}
1982371110982435035,1982371110982435035,iphone,wrldofshawn,2025-10-26 08:57:58,https://twitter.com/wrldofshawn/status/1982371110982435035,0,I find it weird when Tech reviewers compare the iPhone 1  to the newest iPhone. So you're telling me the iPhone 1 is not as powerful as the iPhone 17 Pro max?,NEGATIVE,0.9996,0.0004,0.9996,0.0,{},{},{}
1982371109019550038,1982371109019550038,iphone,_fraecker_,2025-10-26 08:57:57,https://twitter.com/_fraecker_/status/1982371109019550038,0,"@JohannesHano @Apple Und, funktioniert Ihr iPhone jetzt schlechter? Das sind Firmen. Punkt.",NEGATIVE,0.9948,0.0052,0.9948,0.0,{},{},{}
1982371103252320760,1982371103252320760,iphone,joinmyfavclub,2025-10-26 08:57:56,https://twitter.com/joinmyfavclub/status/1982371103252320760,0,ã‚¦ãƒ¨ãƒ³ãã‚“ãŒå­¦æ ¡ã®å®ŸæŠ€ç™ºè¡¨ï¼Ÿã‹ä½•ã‹ã§æ­Œã£ã¦ãŸå‹•ç”»ã¡ã‚ƒã‚“ã¨ä¿å­˜ã—ã¨ã„ãŸã®ã«iPhoneã®ç”»éŒ²ã®ãƒã‚°ã§éŸ³ãŒã‚¬ãƒ“ã‚¬ãƒ“ãªã£ã¦ã¦ã€ğŸ¥²,NEGATIVE,0.9551,0.0449,0.9551,0.0,{},{},{}
1982371096218435809,1982371096218435809,iphone,ZooBOX1205,2025-10-26 08:57:54,https://twitter.com/ZooBOX1205/status/1982371096218435809,0,ãƒ¢ã‚¤ï¼iPhoneã‹ã‚‰ã‚­ãƒ£ã‚¹é…ä¿¡ä¸­ -  https://t.co/1ujvl778Hn,NEGATIVE,0.9827,0.0173,0.9827,0.0,{},{},{}
1982371096860164177,1982371096860164177,iphone,goghlassen,2025-10-26 08:57:54,https://twitter.com/goghlassen/status/1982371096860164177,0,æ˜æ—¥ã‚¹ãƒãƒ›ã‚’å¤‰ãˆã‚‹ã‚“ã ã‘ã©ã€ã©ã†ã—ãŸã‚‰iPhoneã‚’å®‰ãæ‰‹ã«å…¥ã‚Œã‚‰ã‚Œã‚‹ã‚“ã ã‚ã†â€¦ ä»Šã‚½ãƒ•ãƒˆãƒãƒ³ã‚¯ã§å‰¯å›ç·šã§æ¥½å¤©ãƒ¢ãƒã‚¤ãƒ«å¥‘ç´„ã—ã¦ã‚‹ğŸ¤”ğŸ¤”,NEGATIVE,0.9019,0.0981,0.9019,0.0,{},{},{}
1982371091776745801,1982371091776745801,iphone,piyorin3365,2025-10-26 08:57:53,https://twitter.com/piyorin3365/status/1982371091776745801,0,å¤ã„æ–¹ã®iPhoneã¯Appleã•ã‚“ã§è²·ã£ãŸã‚„ã¤ã ã‹ã‚‰Wi-Fiç’°å¢ƒã ã¨ä¸¡æ–¹ä½¿ãˆã¦ä¾¿åˆ©ã‚„ã­ã€‚,NEGATIVE,0.9693,0.0307,0.9693,0.0,{},{},{}
1982371088119308465,1982371088119308465,iphone,souzzajeff32,2025-10-26 08:57:52,https://twitter.com/souzzajeff32/status/1982371088119308465,0,EntÃ£o os caras sÃ£o contra regimes autoritÃ¡rios  Ã© nÃ£o curtiram a luta e nÃ£o reconhecimento voa nobel da paz o trampo da Maria corina?igual os haters do capitalismo mas amam um iPhone.,NEGATIVE,0.9918,0.0082,0.9918,0.0,{},{},{}
1982371088983302179,1982371088983302179,iphone,ihzaraihann,2025-10-26 08:57:52,https://twitter.com/ihzaraihann/status/1982371088983302179,0,"wts cepattt iPhone 11 64 gb ex ibox minus udh ganti layar, bh service sama body lecet  3,3 negoooo lokasi jkt barat #zonauang https://t.co/wYEnIRoZRe",NEGATIVE,0.9965,0.0035,0.9965,0.0,{},{},{}
1982371077784555652,1982371077784555652,iphone,Piggyjujuju,2025-10-26 08:57:50,https://twitter.com/Piggyjujuju/status/1982371077784555652,0,"#STARLYMPICS2025 ğŸ”¥  Infer Fans welcome too ğŸ«§  ğŸ“… 20/12 ğŸ“ à¸£à¸±à¸š-à¸„à¸·à¸™à¸«à¸™à¹‰à¸²à¸‡à¸²à¸™ | à¸ˆà¸­à¸‡à¸Ÿà¸£à¸µ à¹„à¸¡à¹ˆà¸¡à¸µà¸„à¹ˆà¸²à¹ƒà¸Šà¹‰à¸ˆà¹ˆà¸²à¸¢  S24 Ultra â€” 800à¸¿ S25 Ultra â€” 1000à¸¿ iPhone 15 Pro Max â€” 900à¸¿ iPhone 17 Pro â€” 1,390à¸¿  ğŸ«§à¸šà¸£à¸´à¸à¸²à¸£à¸­à¸±à¸›à¹‚à¸«à¸¥à¸”à¸Ÿà¸£à¸µ ğŸ«§à¹„à¸¡à¹ˆà¸•à¹‰à¸­à¸‡à¸§à¸²à¸‡à¸¡à¸±à¸”à¸ˆà¸³ ğŸ«§à¸£à¸±à¸šà¹à¸¥à¸°à¸„à¸·à¸™à¹€à¸„à¸£à¸·à¹ˆà¸­à¸‡à¹„à¸”à¹‰à¸‡à¹ˆà¸²à¸¢à¸«à¸™à¹‰à¸²à¸‡à¸²à¸™  #GMMTVSTARLYMPICS2025",NEGATIVE,0.882,0.118,0.882,0.0,{},{},{}
1982371053440782734,1982371053440782734,iphone,christian_adola,2025-10-26 08:57:44,https://twitter.com/christian_adola/status/1982371053440782734,0,"@Ovoh_of_Lagos If like talk, iphone 16 don sure for her",NEGATIVE,0.7718,0.2282,0.7718,0.0,{},{},{}
1982371038915858514,1982371038915858514,iphone,kinoko9875,2025-10-26 08:57:41,https://twitter.com/kinoko9875/status/1982371038915858514,0,@nippon_ukuraina ç”Ÿæ´»ä¿è­·å—çµ¦è€…ã®ç”Ÿæ´»ãŒå³ã—ã„ã£ã¦å£°ãŒã‚ã‚‹ã‘ã©ã€ã˜ã‚ƒãªãœãƒ‘ãƒãƒ³ã‚³è¡Œã‘ã¦ã‚‹ã®ï¼Ÿæœ€æ–°iPhoneæŒã£ã¦ã‚‹ã®ï¼Ÿãã®æ™‚ç‚¹ã§çµ‚äº†ã§ã™ã‚ã€‚å†èµ·ã«å‘ã‘ã¦é‡‘ã‚’æµã‚“ã§ã‚‚ã‚‰ã£ã¦ã‚‹ã¨ã„ã†äº‹å®ŸãŒãªã‘ã‚Œã°ã€é‡‘ãªã©ä¸ãˆãªãã¦ã‚ˆã„ã®ã§ã™ã€‚,NEGATIVE,0.9638,0.0362,0.9638,0.0,{},{},{}
1982371004216459738,1982371004216459738,iphone,MatlhogonoloOr1,2025-10-26 08:57:32,https://twitter.com/MatlhogonoloOr1/status/1982371004216459738,0,iPhone strikes againâ€¦,POSITIVE,0.9922,0.9922,0.0078,0.0,{},{},{}
1982370993508417783,1982370993508417783,iphone,wacky61,2025-10-26 08:57:30,https://twitter.com/wacky61/status/1982370993508417783,0,1é€±é–“ã¶ã‚Šã«å¤§é˜ªå¸°é‚„ã—ãŸã‚‰ç§‹ãŒæ®‹ã£ã¦ãŸğŸ‚ oasiså‰ã‹ã‚‰iPhoneãŒå……é›»ã§ããšç„¡äº‹ã«å¸°ã‚Œã‚‹ã‹å¿ƒé…ã‚„ã£ãŸã§ğŸ˜¤ æ˜¨æ—¥ã¯ã“ã‚“ãªè¦‹åˆ‡ã‚Œå¸­ã§ãƒ•ãƒ­ã‚¢ã®ç››ã‚Šä¸ŠãŒã‚Šã‚’è¦‹ãªãŒã‚‰2æ™‚é–“æ­Œã†ã¨ã„ã†æ¥½ã—ã„å¸­ã‚„ã£ãŸã€‚ãã‚Œã«ã—ã¦ã‚‚æ˜¨æ—¥ã®ã‚¹ãƒ†ãƒ¼ã‚¸ã¯èª°ã‚‚ãŒçµ¶è³›ã—ã¦ã¦ã‚„ã£ã±ã‚Šå‡„ã„ã‚‚ã®è¦³ã‚ŒãŸãªã¨æ„Ÿæ…¨æ·±ã„ #oasislive25 https://t.co/NazJSv9zhy,NEGATIVE,0.9731,0.0269,0.9731,0.0,{},{},{}
1982370982653534624,1982370982653534624,iphone,taichaemon_jpn,2025-10-26 08:57:27,https://twitter.com/taichaemon_jpn/status/1982370982653534624,0,æœ€è¿‘ã¾ã˜ã‚¹ãƒãƒ›ã§é–²è¦§ã™ã‚‹Webãƒšãƒ¼ã‚¸ã®åºƒå‘ŠãŒã‚ã¾ã‚Šã«ã‚‚ã†ã–ã™ãã¦ä½¿ã£ã¦ã‚‹iPhoneã‚’çª“ã‹ã‚‰ã¶ã‚“æŠ•ã’ã¦ã‚„ã‚ŠãŸããªã‚‹ğŸ–•ğŸ» ã„ã„åŠ æ¸›ã«ã—ã¨ã‘ã‚ˆãŠã‚ãˆã‚‰ğŸ–•ğŸ»,NEGATIVE,0.9543,0.0457,0.9543,0.0,{},{},{}
1982370973967139104,1982370973967139104,iphone,SamirMira399198,2025-10-26 08:57:25,https://twitter.com/SamirMira399198/status/1982370973967139104,0,@serverlesscon iphone 16 is best understood by starting with core concepts and building practical projects with case studies.,NEGATIVE,0.9834,0.0166,0.9834,0.0,{},{},{}
1982370965150630118,1982370965150630118,iphone,jakurais,2025-10-26 08:57:23,https://twitter.com/jakurais/status/1982370965150630118,0,lmfaooooo eunho experiencing the average iphone user experience migrating to android ğŸ˜­ğŸ˜­ğŸ˜­ https://t.co/9DzolaYUak,NEGATIVE,0.9831,0.0169,0.9831,0.0,{},{},{}
1982370955424124998,1982370955424124998,iphone,yoonciella,2025-10-26 08:57:21,https://twitter.com/yoonciella/status/1982370955424124998,0,Le mien est tombÃ© mais vraiment mon ancien iPhone serait mort et enterrÃ© depuis mais la !?! Une tel chute et aucune fissures ? Je suis choquÃ©e,NEGATIVE,0.9847,0.0153,0.9847,0.0,{},{},{}
1982370958200721498,1982370958200721498,iphone,sirakaminohaom,2025-10-26 08:57:21,https://twitter.com/sirakaminohaom/status/1982370958200721498,0,ã‚¹ãƒãƒ›ã‚’iPhoneã«å¤‰ãˆãŸï¼ï¼ï¼ ã¾ã ä½¿ã„æ…£ã‚Œãªã„ https://t.co/ozXc4YdIKA,NEGATIVE,0.9727,0.0273,0.9727,0.0,{},{},{}
1982370959144464579,1982370959144464579,iphone,sz__geri,2025-10-26 08:57:21,https://twitter.com/sz__geri/status/1982370959144464579,0,@zollotech It was so much better on my iPhone 15 pro without it.,NEGATIVE,0.9988,0.0012,0.9988,0.0,{},{},{}
1982370950424277009,1982370950424277009,iphone,VelvetStudiosX,2025-10-26 08:57:19,https://twitter.com/VelvetStudiosX/status/1982370950424277009,0,@LunaLarkx @DValentinaXo The iPhone does give a couple points to start. Now if only His social Media game Was up To Par! ğŸ¤·ğŸ½,POSITIVE,0.9361,0.9361,0.0639,0.0,{},{},{}
1982370941918449710,1982370941918449710,iphone,_mheedey,2025-10-26 08:57:17,https://twitter.com/_mheedey/status/1982370941918449710,0,"I dreamt someone bought me an iPhone 17 Pro max, woke up now and I canâ€™t find itğŸ˜­ğŸ˜­ğŸ˜­.",NEGATIVE,0.9947,0.0053,0.9947,0.0,{},{},{}
1982370930816127129,1982370930816127129,iphone,shikakimagure,2025-10-26 08:57:15,https://twitter.com/shikakimagure/status/1982370930816127129,0,iPhoneä½¿ã£ã¦ã„ã‚‹æ–¹ã«è³ªå•ã§ã™ã€‚iPhoneã®ä½•ãŒè‰¯ã„ã®ï¼Ÿåƒ•ã¯ã‚¢ãƒ³ãƒ‰ãƒ­ã‚¤ãƒ‰æ´¾ãªã‚“ã§ã™ãŒã€PerfumeãŒiPhone6Sã§CMå‡ºã¦ã„ã‚‹é ƒä¸€æ™‚æœŸæ°—ã«ã¯ãªã£ãŸã‘ã©ã€å½“æ™‚ã¯XperiaãŒå¥½ãã§æš«ãã¯Xperiaä½¿ã£ã¦ã¾ã—ãŸãŒã€ç¾åœ¨ã¯GooglePixel8PROä½¿ã£ã¦ã¾ã™ã€‚ ï¼ƒiPhoneã®ä½•ãŒã„ã„ã®,NEGATIVE,0.9766,0.0234,0.9766,0.0,{},{},{}
1982370901401424068,1982370901401424068,iphone,Coltkom,2025-10-26 08:57:08,https://twitter.com/Coltkom/status/1982370901401424068,0,@arsenalist @NEPAPatriot @krystalball Is that why your on a IPhone made by slaves?,NEGATIVE,0.9941,0.0059,0.9941,0.0,{},{},{}
1982370890286252374,1982370890286252374,iphone,94catu,2025-10-26 08:57:05,https://twitter.com/94catu/status/1982370890286252374,0,"""ğŸ¶ãŠè²·ã„ç‰©ã‚¿ã‚¤ãƒ  Amazon   ğŸ€ Apple iPhone 17 256GB ãƒ›ãƒ¯ã‚¤ãƒˆ âœ¨ JAN: 4549995649161 ğŸŒŸ ã€ã‚²ãƒƒãƒˆã™ã‚‹ãªã‚‰ã€‘â¡ï¸ https://t.co/PJFkmgea4g ğŸ’ ãŠå¾—ä¾¡æ ¼ï¼šÂ¥125,806 ğŸ’– ãŠå°é£ã„ãƒ—ãƒ©ã‚¹ï¼šÂ¥2,194  ğŸ“ ãŠã­ã ã‚“ï¼šÂ¥129,800 â€»å¤‰ã‚ã‚‹ã“ã¨ã‚ã‚‹ã‚ˆâ™ª ğŸ’³ Amazonã‚«ãƒ¼ãƒ‰ï¼š2%é‚„å…ƒ / AMEX: 3%é‚„å…ƒ âœ¨ StoreãŒ½ï¼š1%ã‚‚ã©ã£ã¦ãã‚‹ ğŸ“± dã‚¢ã‚«ã‚¦ãƒ³ãƒˆã¤ãªãã¨ï¼š+1%ã‚²ãƒƒãƒˆï¼ˆ100ptã¾ã§ï¼‰  â° ä»Šã™ããƒã‚§ãƒƒã‚¯ï¼ãªããªã£ã¡ã‚ƒã†ã‹ã‚‚ğŸ’• PR17:56""",NEGATIVE,0.9757,0.0243,0.9757,0.0,{},{},{}
1982370884531970155,1982370884531970155,iphone,fukuoka01uk,2025-10-26 08:57:04,https://twitter.com/fukuoka01uk/status/1982370884531970155,1,Softbankã¯48å›åˆ†å‰²ãƒ»ãƒ»ãƒ»  ç«¯æœ«ä¾¡æ ¼ï¼’ï¼‘ä¸‡ï¼™ï¼–ï¼ï¼å†† ï¼‘ï¼ï¼‘ï¼’å›ã¯ï¼‘å††ï¼Ÿãã‚Œä»¥é™ã¯ç´„ï¼–ï¼‘ï¼ï¼å††ç¨‹åº¦ã€‚  RT https://t.co/PmkqdzESZO,NEGATIVE,0.9894,0.0106,0.9894,0.0,{},{},{}
1982370868778111105,1982370868778111105,iphone,2kid_akn,2025-10-26 08:57:00,https://twitter.com/2kid_akn/status/1982370868778111105,0,ã‚ˆã†ã‚„ãæ©Ÿç¨®å¤‰ã—ã‚ˆã†ã¨æ€ã£ã¦æ‰‹ç¶šãé€²ã‚ãŸã‚‰iPhoneã®åœ¨åº«ãªããªã£ã¦ã¦æ³£ã„ãŸ,NEGATIVE,0.9572,0.0428,0.9572,0.0,{},{},{}
1982370857721716996,1982370857721716996,iphone,FurchinaMonolog,2025-10-26 08:56:57,https://twitter.com/FurchinaMonolog/status/1982370857721716996,0,"@narindertweets @billymooreAPBD So why are you laughing? Oh yes, because youâ€™re back behind your iPhone like the race baiting coward you are.",NEGATIVE,0.9985,0.0015,0.9985,0.0,{},{},{}
1982370853166969047,1982370853166969047,iphone,1510cart,2025-10-26 08:56:56,https://twitter.com/1510cart/status/1982370853166969047,0,[Want to Sell]   Iphone Pro Max 256gb ğŸ”˜ Black ğŸ”˜ 1st use: April 25 ğŸ”˜ BH 100%  ğŸ”˜ Good condition like new ğŸ”˜ Garansi Ibox lengkap ğŸ”˜ Dijual karena GEDE BANGET &amp; BERATğŸ˜­  Price: Rp 18.5jt  â˜‘ï¸ COD Jaksel/Jakbar â˜‘ï¸ serious buyer only! hnr will get blocked  ğŸ·ï¸ jual wts #zonauang https://t.co/936A29dLG6,NEGATIVE,0.9978,0.0022,0.9978,0.0,{},{},{}
1982370847206846527,1982370847206846527,iphone,ykko_rakutenian,2025-10-26 08:56:55,https://twitter.com/ykko_rakutenian/status/1982370847206846527,0,æ¬²ã—ã„ã‚‚ã®  iPhoneãŒGoogle pixel onã®ã‚¹ãƒ‹ãƒ¼ã‚«ãƒ¼ ãƒ¯ã‚¤ãƒ‰ãƒ‘ãƒ³ãƒ„ ã‚¢ãƒ³ã‚¯ãƒ«ãƒ‘ãƒ³ãƒ„ ã‚­ãƒ£ãƒƒãƒ— LE CIEL BLEUã®ã‚¢ã‚¦ã‚¿ãƒ¼ PENHALIGON'Sã®é¦™æ°´  ã©ã‚Œã‚‚æ¯”è¼ƒçš„å˜ä¾¡ãŒãŠé«˜ã‚ç¬‘ğŸ¥º æºå¸¯ã¯å¹´å†…ã§è²·ãˆãªã„ã¨ã€ã€ ã‚¦ã‚ºãƒ™ã‚­ã‚¹ã‚¿ãƒ³ã„ã‘ãªã„æ¶™,NEGATIVE,0.9415,0.0585,0.9415,0.0,{},{},{}
1982370849991823580,1982370849991823580,iphone,LiquidFaerie,2025-10-26 08:56:55,https://twitter.com/LiquidFaerie/status/1982370849991823580,1,"@anexiledjew @JamesMelville No clock on the oven, ride a motorbike, so no clock there either. iPhone does itâ€™s own thing. Iâ€™m good.",POSITIVE,0.9994,0.9994,0.0006,0.0,{},{},{}
1982370828353151222,1982370828353151222,iphone,mafejopaami,2025-10-26 08:56:50,https://twitter.com/mafejopaami/status/1982370828353151222,0,"iPhone 7 btw, new androidâ€™s camera canâ€™t compete",NEGATIVE,0.9909,0.0091,0.9909,0.0,{},{},{}
1982370818341707884,1982370818341707884,iphone,ibukinomarch,2025-10-26 08:56:48,https://twitter.com/ibukinomarch/status/1982370818341707884,0,ç·´ç¿’ã¨ãƒã‚§ãƒƒã‚¯ã®ãŸã‚ã€ã‚¢ãƒ—ãƒªç„¡ã—ã®iPhoneã‚¤ãƒ³ã‚«ãƒ¡ãƒ©ã§æ’®ã‚‹ã‚“ã ã‘ã©ã€ æ¯å›æœ¬å½“ã«çµ¶æœ›ã™ã‚‹ã€‚ ã§ã‚‚ãƒªã‚¢ãƒ«ã§ä¼šã†ã¨ã ã¨ã“ã†ãªã‚“ã ã‚ã†ãªã£ã¦ã„ã†ã“ã¨ã‚’æˆ’ã‚ã¦ã€å°‘ã—ã§ã‚‚è‰¯ããªã‚‹ã‚ˆã†ã«æ”¹å–„ãŒã‚“ã°ã‚‹,NEGATIVE,0.9302,0.0698,0.9302,0.0,{},{},{}
1982370810678411277,1982370810678411277,iphone,TheGadgetHub_,2025-10-26 08:56:46,https://twitter.com/TheGadgetHub_/status/1982370810678411277,0,"iPhone 16 128gb  Physical +esim  ğŸ·ï¸ 920,000 https://t.co/D5EG2XJCYa",NEGATIVE,0.9828,0.0172,0.9828,0.0,{},{},{}
1982370803812651293,1982370803812651293,iphone,KaszubLGD,2025-10-26 08:56:44,https://twitter.com/KaszubLGD/status/1982370803812651293,1,"@MateuszFriday @operator_taczki @wanciLG PrzecieÅ¼ Androida moÅ¼na ustawiÄ‡ tak jak siÄ™ obsÅ‚uguje iosa.  Jedno co mogÄ™ napisaÄ‡ dobrego o iPhone, to to, Å¼e zabezpieczenia ma lepsze. A poza tym to przereklamowany gadÅ¼et.",NEGATIVE,0.9944,0.0056,0.9944,0.0,{},{},{}
1982370793481994375,1982370793481994375,iphone,jiro0409jp,2025-10-26 08:56:42,https://twitter.com/jiro0409jp/status/1982370793481994375,0,"Amazon PR  Apple iPhone 17 256GB ãƒ›ãƒ¯ã‚¤ãƒˆ JANï¼š4549995649161 https://t.co/1csgiLlGSO å¾—2,194 å®Ÿè³ª125,806å†† å‚è€ƒï¼š128,000  è²©å£²ä¾¡æ ¼ï¼š129,800å†† Amazonã‚¯ãƒ¬ã‚«ï¼š2% StoreãŒ½ï¼š1% dã‚¢ã‚«é€£æºï¼š1%ï¼ˆä¸Šé™100ptï¼‰  17:56",NEGATIVE,0.9818,0.0182,0.9818,0.0,{},{},{}
1982370768131633315,1982370768131633315,iphone,ruice_otoku,2025-10-26 08:56:36,https://twitter.com/ruice_otoku/status/1982370768131633315,0,"ğŸ¶ç‰©è²©ã€€Amazon   ğŸ”— ã€è³¼å…¥ã¯ã“ã¡ã‚‰ã€‘â–¶ï¸ https://t.co/vOG9Guu5ZY  ğŸ›ï¸ Apple iPhone 17 256GB ãƒ›ãƒ¯ã‚¤ãƒˆ ğŸ“Œ JAN: 4549995649161 âœ… å®Ÿè³ªä¾¡æ ¼ï¼šÂ¥125,806 ğŸ“ˆ åˆ©ç›Šï¼šÂ¥2,194  ğŸ“ è²©å£²ä¾¡æ ¼ï¼šÂ¥129,800 â€»ä¾¡æ ¼å¤‰å‹•ã‚ã‚Š ğŸ’³ Amazonã‚¯ãƒ¬ã‚«ï¼š2% / AMEX: 3% ğŸ’° StoreãŒ½ï¼š1%é‚„å…ƒ ğŸ“± dã‚¢ã‚«ã‚¦ãƒ³ãƒˆé€£æºï¼š+1%ï¼ˆä¸Šé™100ptï¼‰  ğŸ”¥ æ—©ã„è€…å‹ã¡ï¼å£²ã‚Šåˆ‡ã‚Œæ³¨æ„ PR17:56",NEGATIVE,0.9768,0.0232,0.9768,0.0,{},{},{}
1982370769322877426,1982370769322877426,iphone,IPhone_mbmx,2025-10-26 08:56:36,https://twitter.com/IPhone_mbmx/status/1982370769322877426,3,ğŸ½ : à¸™à¹‰à¸­à¸‡à¹‚à¸Ÿà¸™à¸„à¹‰à¸²à¸šà¸šà¸š~  5555555555555555   BABE BIRTHDAY FANSIGN #BabiiBashFansign #babiibabe https://t.co/FNMIQU6D0O,NEGATIVE,0.9856,0.0144,0.9856,0.0,{},{},{}
1982370762624569846,1982370762624569846,iphone,coraliergn,2025-10-26 08:56:35,https://twitter.com/coraliergn/status/1982370762624569846,0,@ElzaXxx_ l'iPhone 8 fonctionne encore aussi.,NEGATIVE,0.9138,0.0862,0.9138,0.0,{},{},{}
1982370758069567986,1982370758069567986,iphone,lg9l_2,2025-10-26 08:56:34,https://twitter.com/lg9l_2/status/1982370758069567986,0,"Apple iPhone 17 256GB ãƒ›ãƒ¯ã‚¤ãƒˆ JAN 4549995649161 https://t.co/3oR4YxGtYD   ä¾¡æ ¼ 129,800å††ï¼ˆå®Ÿè³ª 125,806å††ï¼‰ è²·å– 128,000å†† ğŸ’°ï¼‹2,194 ãƒ¼ãƒ¼ãƒ¼ãƒ¼ãƒ¼ãƒ¼ãƒ¼ãƒ¼ãƒ¼ ã€ãƒã‚¤ãƒ³ãƒˆå†…è¨³ã€‘ primeä¼šå“¡1%ãƒ»Amazonã‚«ãƒ¼ãƒ‰2% dï¼ˆä¸Šé™100ptï¼‰  Amazon PR 17:56",NEGATIVE,0.9735,0.0265,0.9735,0.0,{},{},{}
1982370753568985303,1982370753568985303,iphone,bananafrn,2025-10-26 08:56:32,https://twitter.com/bananafrn/status/1982370753568985303,0,"and without the case, poor that iphone, mingyu 100% gonna break that phone in matter of time",NEGATIVE,0.9989,0.0011,0.9989,0.0,{},{},{}
1982370747344712113,1982370747344712113,iphone,dfawefaw,2025-10-26 08:56:31,https://twitter.com/dfawefaw/status/1982370747344712113,0,ğŸ”¥å®¶é›»ï¼†ã‚«ãƒ¡ãƒ©2ä½ğŸ”¥ å£²ã‚Œç­‹ãƒ©ãƒ³ã‚­ãƒ³ã‚° seninhi å¯¾å¿œ iPhone 16 ã‚¬ãƒ©ã‚¹ãƒ•ã‚£ãƒ«ãƒ  apple æŒ‡ç´‹é˜²æ­¢ ã€2* ãƒ•ã‚£ãƒ«ãƒ  + 2* ãƒ¬ãƒ³ã‚ºä¿è­·  âš¡699å††âš¡ï¼ˆ17:56æ—¥æœ¬æ¨™æº–æ™‚ç‚¹ï¼‰ https://t.co/EGsZILh58c,NEGATIVE,0.9764,0.0236,0.9764,0.0,{},{},{}
1982370749236359242,1982370749236359242,iphone,navylabo,2025-10-26 08:56:31,https://twitter.com/navylabo/status/1982370749236359242,0,"ğŸŒ²AmazonğŸŒ²   âœ¨åœ¨åº«ãƒ»ã‚ªãƒˆã‚¯âœ¨æ¤œçŸ¥ã—ã¾ã—ãŸğŸš€  ğŸš©Apple iPhone 17 256GB ãƒ›ãƒ¯ã‚¤ãƒˆ 4549995649161 è²©å£²ä¾¡æ ¼ï¼š129,800å†† https://t.co/eUVcmwU5mh  Amazonã‚¯ãƒ¬ã‚«ï¼š2% StoreãŒ½1%ã€dã‚¢ã‚«1%ï¼ˆä¸Šé™100ptï¼‰  å®Ÿè³ª125,806å†† ğŸ—¨ï¸1280  #PR (17:56)",NEGATIVE,0.9784,0.0216,0.9784,0.0,{},{},{}
1982370728315138434,1982370728315138434,iphone,tv1A4ae43q13976,2025-10-26 08:56:26,https://twitter.com/tv1A4ae43q13976/status/1982370728315138434,0,"Amazon ã‚»ãƒ¼ãƒ« PRğŸ¦  Apple iPhone 17 256GB ãƒ›ãƒ¯ã‚¤ãƒˆ 4549995649161 https://t.co/ENG6ABtV5v  âœ…è²©å£²ä¾¡æ ¼ï¼š129,800å†† âœ…ä»•å…¥ä¾¡æ ¼ï¼š125,806å†† âœ…åˆ©ç›Šï¼š2,194 âœ…è²·å–ä¾¡æ ¼ï¼š128,000 17:56",NEGATIVE,0.9731,0.0269,0.9731,0.0,{},{},{}
1982370723697164559,1982370723697164559,iphone,kurdttakeuchi,2025-10-26 08:56:25,https://twitter.com/kurdttakeuchi/status/1982370723697164559,0,FOMAã®SIMãŒåŠæ—¥ãã‚‰ã„èªè­˜ã—ãªããªã£ã¦ããŸã‹ã‚‰ã€ã‚¹ãƒãƒ›è²·ã„æ›¿ãˆã¤ã„ã§ã«ã€DOCOMOãŒç³ã§ã©ã†ã—ã‚‡ã†ã‚‚ãªã„ã‹ã‚‰AUã‹SoftBankã«MNPã—ã‚ˆã†ã‹ã¨è‰²ã€…è¦‹ã¦ã‚‹ã‘ã© iPhoneã«ã—ã‚ˆã†ã¨ã™ã‚‹ã¨ã€1å††ã®æ©Ÿç¨®ã§ã‚‚å®‰å¿ƒã‚µãƒãƒ¼ãƒˆã‚„ä¹—ã‚Šæ›ãˆå‰²ã®åŸºæœ¬æ–™ã§2å¹´ã§5ä¸‡å††è¿‘ãé€ãã®ã«ã•ã‚‰ã«é€šä¿¡æ–™ã¨ã‹æ„å‘³ãƒ•DEATH,NEGATIVE,0.9737,0.0263,0.9737,0.0,{},{},{}
1982370709205884931,1982370709205884931,iphone,LLLLLLL2001,2025-10-26 08:56:22,https://twitter.com/LLLLLLL2001/status/1982370709205884931,0,"à¹€à¸‹à¹‡à¸•à¹ƒà¸«à¸¡à¹ˆ à¸à¸£à¹‰à¸­à¸¡à¹€à¸ªà¸£à¸´à¸Ÿ #à¸ˆà¸±à¸”à¸ªà¹ˆà¸‡à¸Ÿà¸£à¸µ ğŸ¤ ğŸ«¶ğŸ»ğŸ¦iPhone XR 128GB TH à¸£à¸²à¸„à¸² 6,300  ~ à¸ªà¹à¸à¸™à¹„à¸”à¹‰ à¹à¸ˆà¹‰à¸‡à¹à¸šà¸• 100% à¸¡à¸µà¸—à¸¹à¹‚à¸—à¸™ ~ à¸šà¸­à¸”à¸µà¹‰à¹ƒà¸«à¸¡à¹ˆ à¸ªà¸§à¸¢à¸¢ à¹ƒà¸Šà¹‰à¸‡à¸²à¸™à¸›à¸à¸•à¸´à¸—à¸¸à¸à¸­à¸¢à¹ˆà¸²à¸‡ ~ à¸„à¸£à¸šà¸à¸¥à¹ˆà¸­à¸‡+à¹€à¸„à¸ª à¸Ÿà¸´à¸¥à¹Œà¸¡ à¸›à¸£à¸°à¸à¸±à¸™ 20 à¸§à¸±à¸™  #à¹„à¸­à¹‚à¸Ÿà¸™à¸¡à¸·à¸­à¸ªà¸­à¸‡ #à¸ªà¹ˆà¸‡à¸•à¹ˆà¸­à¹„à¸­à¹‚à¸Ÿà¸™ #à¹‚à¸—à¸£à¸¨à¸±à¸à¸—à¹Œà¸¡à¸·à¸­à¸ªà¸­à¸‡ #à¹„à¸­à¹‚à¸Ÿà¸™à¸¡à¸·à¸­à¸ªà¸­à¸‡à¸£à¸²à¸„à¸²à¸–à¸¹à¸ #à¸ªà¹ˆà¸‡à¸•à¹ˆà¸­à¹‚à¸—à¸£à¸¨à¸±à¸à¸—à¹Œà¸¡à¸·à¸­à¸ªà¸­à¸‡ #à¸¡à¸·à¸­à¸–à¸·à¸­à¸¡à¸·à¸­à¸ªà¸­à¸‡ #à¹„à¸­à¹‚à¸Ÿà¸™à¸¡à¸·à¸­2 https://t.co/p8iwqPypzo",NEGATIVE,0.9873,0.0127,0.9873,0.0,{},{},{}
1982370695423357390,1982370695423357390,iphone,yukimismile,2025-10-26 08:56:19,https://twitter.com/yukimismile/status/1982370695423357390,0,"ğŸ›’ Amazon ğŸ‡âœ¨PR  ğŸ‰ 3,492ï¼ˆAMEXï¼‰ï¼š2.8% ã€€   2,194ï¼ˆAmazonï¼‰ï¼š1.7%  ğŸ‰ å…¨é¡ãŒ½åˆ©ç”¨æ™‚ï¼š-402ï¼š-0.3%  ğŸ”— https://t.co/vNfYg2QTmJ  ãƒ»Apple iPhone 17 256GB ãƒ›ãƒ¯ã‚¤ãƒˆ ãƒ»JANï¼š4549995649161  ä¾¡æ ¼ğŸ›’ï¼š129,800å†† å®Ÿè³ªğŸ’°ï¼š124,508å††ï¼ˆAMEXï¼‰ ã€€ã€€ã€€ã€€   125,806ï¼ˆAmazonï¼‰ å‚è€ƒğŸ“šï¼š128,000 â€»å¤‰å‹•ã™ã‚‹å¯èƒ½æ€§ã‚ã‚Šã¾ã™  ğŸ“Š ãƒã‚¤ãƒ³ãƒˆå†…è¨³ â–«ï¸ ã‚¯ãƒ¬ã‚«ï¼š3%ï¼ˆAMEXï¼‰2%ï¼ˆAmazonï¼‰ â–«ï¸ ãƒã‚¤ãƒ³ãƒˆï¼š1% â–«ï¸ dé€£æºï¼š1%ï¼ˆä¸Šé™100ãŒ½/è³¼å…¥ï¼‰ 17:56",NEGATIVE,0.9839,0.0161,0.9839,0.0,{},{},{}
1982370674154107044,1982370674154107044,iphone,hige_boze_,2025-10-26 08:56:14,https://twitter.com/hige_boze_/status/1982370674154107044,0,@nnn214_1 å› ã¿ã«iPhoneã¯ä½•ãƒãƒ§ã‚¤ã‚¹ï¼Ÿï¼ˆæ‰‹ã®ã²ã‚‰ï½¸ï¾™ï½°,NEGATIVE,0.9665,0.0335,0.9665,0.0,{},{},{}
1982370654361170413,1982370654361170413,iphone,gontashota,2025-10-26 08:56:09,https://twitter.com/gontashota/status/1982370654361170413,0,é€Ÿå ±ï¼šAppleãŒSpaceXã¨äº¤æ¸‰ä¸­ã€å°†æ¥ã®iPhoneã«Starlinkè¡›æ˜Ÿã‚µãƒ¼ãƒ“ã‚¹ã‚’å°å…¥ã¸ã€‚,NEGATIVE,0.941,0.059,0.941,0.0,{},{},{}
1982370648703070390,1982370648703070390,iphone,Ayeeeiiii,2025-10-26 08:56:07,https://twitter.com/Ayeeeiiii/status/1982370648703070390,0,Thankyou darling sa iphone 17 promaxğŸ’™,POSITIVE,0.9983,0.9983,0.0017,0.0,{},{},{}
1982370640993632644,1982370640993632644,iphone,monoglint,2025-10-26 08:56:06,https://twitter.com/monoglint/status/1982370640993632644,0,not the orange iphoneğŸ’€ğŸ’€ğŸ’€ğŸ’€,NEGATIVE,0.9937,0.0063,0.9937,0.0,{},{},{}
1982370642814214524,1982370642814214524,iphone,lovelivedaisuki,2025-10-26 08:56:06,https://twitter.com/lovelivedaisuki/status/1982370642814214524,0,ãƒ¢ã‚¤ï¼ï¼‰iPhoneã‹ã‚‰é…ä¿¡ä¸­ï¼ https://t.co/FFUPseLy5o,NEGATIVE,0.9816,0.0184,0.9816,0.0,{},{},{}
1982370627660263765,1982370627660263765,iphone,LLLLLLL2001,2025-10-26 08:56:02,https://twitter.com/LLLLLLL2001/status/1982370627660263765,0,"ğŸ«¶ğŸ»ğŸ¦ iPhone 12 à¸™à¸­à¸ à¸„à¸§à¸²à¸¡à¸ˆà¸¸ 64G 7,850 | 128G 8,250 ğŸŒ·  ~ à¸ªà¹à¸à¸™à¸«à¸™à¹‰à¸²à¹„à¸”à¹‰ à¹à¸ˆà¹‰à¸‡à¸ˆà¸­ à¹à¸šà¸•100% à¸ˆà¸­à¸¡à¸µà¸—à¸¹à¹‚à¸—à¸™ ~ à¸šà¸­à¸”à¸µà¹‰à¹ƒà¸«à¸¡à¹ˆ à¸ªà¸§à¸¢à¸¢ à¹ƒà¸Šà¹‰à¸‡à¸²à¸™à¸›à¸à¸•à¸´à¸—à¸¸à¸à¸­à¸¢à¹ˆà¸²à¸‡  ~ à¸„à¸£à¸šà¸à¸¥à¹ˆà¸­à¸‡+à¹€à¸„à¸ª à¸Ÿà¸´à¸¥à¹Œà¸¡ à¸›à¸£à¸°à¸à¸±à¸™ 20 à¸§à¸±à¸™  #à¹„à¸­à¹‚à¸Ÿà¸™à¸¡à¸·à¸­à¸ªà¸­à¸‡ #à¸ªà¹ˆà¸‡à¸•à¹ˆà¸­à¹„à¸­à¹‚à¸Ÿà¸™ #à¹‚à¸—à¸£à¸¨à¸±à¸à¸—à¹Œà¸¡à¸·à¸­à¸ªà¸­à¸‡ #à¹„à¸­à¹‚à¸Ÿà¸™à¸¡à¸·à¸­à¸ªà¸­à¸‡à¸£à¸²à¸„à¸²à¸–à¸¹à¸ #à¸ªà¹ˆà¸‡à¸•à¹ˆà¸­à¹‚à¸—à¸£à¸¨à¸±à¸à¸—à¹Œà¸¡à¸·à¸­à¸ªà¸­à¸‡ #à¸¡à¸·à¸­à¸–à¸·à¸­à¸¡à¸·à¸­à¸ªà¸­à¸‡ #à¹„à¸­à¹‚à¸Ÿà¸™à¸¡à¸·à¸­2 https://t.co/0ziJa6e0j4",NEGATIVE,0.9769,0.0231,0.9769,0.0,{},{},{}
1982370580104908819,1982370580104908819,iphone,Def64Gamer,2025-10-26 08:55:51,https://twitter.com/Def64Gamer/status/1982370580104908819,0,@AppleBugAi @dark_phoenix69_ @lloc80u @LeakerApple @apple_iJUNK @HANDSOME_MMIKEY @Titan4060 Keep posting your fake screenshots  Itâ€™s just embarrassing at this point - itâ€™s as if we all canâ€™t see my timeline  Easy win.  Enjoy your iPhone dream https://t.co/IaTev2lUjc,NEGATIVE,0.9978,0.0022,0.9978,0.0,{},{},{}
1982370566364606599,1982370566364606599,iphone,MMhk416,2025-10-26 08:55:48,https://twitter.com/MMhk416/status/1982370566364606599,0,iPhoneã®ã‚«ãƒ¡ãƒ©ã€ã‚¤ã‚«ã‚Œã¦ç­‰å€ã‹ã‚ºãƒ¼ãƒ ã™ã‚‹ã¨çµ¶å¯¾ã«ãƒ”ãƒ³ã¼ã‘ã™ã‚‹ã€‚å¼•ãã§æ’®ã£ãŸã‚‰å•é¡Œç„¡ã„ã‚“ã ã‘ã©ãªã‚,NEGATIVE,0.9034,0.0966,0.9034,0.0,{},{},{}
1982370551554527570,1982370551554527570,iphone,LLLLLLL2001,2025-10-26 08:55:44,https://twitter.com/LLLLLLL2001/status/1982370551554527570,0,"ğŸ«¶ğŸ»ğŸ¦ iPhone XR body 15 Pro ğŸŒ¥ï¸TH à¸„à¸§à¸²à¸¡à¸ˆà¸¸ 64G 6,350 | 128G 6,950 ğŸŒ·  ~ à¸ªà¹à¸à¸™à¸«à¸™à¹‰à¸²à¹„à¸”à¹‰ à¹à¸šà¸•100% à¸ˆà¸­à¸¡à¸µà¸—à¸¹à¹‚à¸—à¸™ ~ à¸šà¸­à¸”à¸µà¹‰à¹ƒà¸«à¸¡à¹ˆ à¸ªà¸§à¸¢à¸¢ à¹ƒà¸Šà¹‰à¸‡à¸²à¸™à¸›à¸à¸•à¸´à¸—à¸¸à¸à¸­à¸¢à¹ˆà¸²à¸‡  ~ à¸„à¸£à¸šà¸à¸¥à¹ˆà¸­à¸‡+à¹€à¸„à¸ª à¸Ÿà¸´à¸¥à¹Œà¸¡ à¸›à¸£à¸°à¸à¸±à¸™ 20 à¸§à¸±à¸™  #à¹„à¸­à¹‚à¸Ÿà¸™à¸¡à¸·à¸­à¸ªà¸­à¸‡ #à¸ªà¹ˆà¸‡à¸•à¹ˆà¸­à¹„à¸­à¹‚à¸Ÿà¸™ #à¹‚à¸—à¸£à¸¨à¸±à¸à¸—à¹Œà¸¡à¸·à¸­à¸ªà¸­à¸‡ #à¹„à¸­à¹‚à¸Ÿà¸™à¸¡à¸·à¸­à¸ªà¸­à¸‡à¸£à¸²à¸„à¸²à¸–à¸¹à¸ #à¸ªà¹ˆà¸‡à¸•à¹ˆà¸­à¹‚à¸—à¸£à¸¨à¸±à¸à¸—à¹Œà¸¡à¸·à¸­à¸ªà¸­à¸‡ #à¸¡à¸·à¸­à¸–à¸·à¸­à¸¡à¸·à¸­à¸ªà¸­à¸‡ #à¹„à¸­à¹‚à¸Ÿà¸™à¸¡à¸·à¸­2 https://t.co/ve1IQrmbWb",NEGATIVE,0.9823,0.0177,0.9823,0.0,{},{},{}
1982370502955110663,1982370502955110663,iphone,oriquro,2025-10-26 08:55:33,https://twitter.com/oriquro/status/1982370502955110663,0,ãã†ã ã‚ˆã€€iPhoneã¯ãšã£ã¨ 799ãƒ‰ãƒ«ã‚‰ã—ã„ã‚ˆ,NEGATIVE,0.9175,0.0825,0.9175,0.0,{},{},{}
1982370496466526508,1982370496466526508,iphone,mitqyu,2025-10-26 08:55:31,https://twitter.com/mitqyu/status/1982370496466526508,0,https://t.co/xRhyvDTZsK,NEGATIVE,0.9898,0.0102,0.9898,0.0,{},{},{}
1982370480117150088,1982370480117150088,iphone,LLLLLLL2001,2025-10-26 08:55:27,https://twitter.com/LLLLLLL2001/status/1982370480117150088,0,"ğŸ«¶ğŸ»ğŸ¦ iPhone XR à¹€à¸„à¸£à¸·à¹ˆà¸­à¸‡à¹„à¸—à¸¢ TH  à¸„à¸§à¸²à¸¡à¸ˆà¸¸ 64G 6,050 | 128G 6,550 ğŸŒ·  ~ à¸ªà¹à¸à¸™à¸«à¸™à¹‰à¸²à¹„à¸”à¹‰ à¹à¸šà¸•100% à¸ˆà¸­à¸¡à¸µà¸—à¸¹à¹‚à¸—à¸™ ~ à¸šà¸­à¸”à¸µà¹‰à¹ƒà¸«à¸¡à¹ˆ à¸ªà¸§à¸¢à¸¢ à¹ƒà¸Šà¹‰à¸‡à¸²à¸™à¸›à¸à¸•à¸´à¸—à¸¸à¸à¸­à¸¢à¹ˆà¸²à¸‡  ~ à¸„à¸£à¸šà¸à¸¥à¹ˆà¸­à¸‡+à¹€à¸„à¸ª à¸Ÿà¸´à¸¥à¹Œà¸¡ à¸›à¸£à¸°à¸à¸±à¸™ 20 à¸§à¸±à¸™  #à¹„à¸­à¹‚à¸Ÿà¸™à¸¡à¸·à¸­à¸ªà¸­à¸‡ #à¸ªà¹ˆà¸‡à¸•à¹ˆà¸­à¹„à¸­à¹‚à¸Ÿà¸™ #à¹‚à¸—à¸£à¸¨à¸±à¸à¸—à¹Œà¸¡à¸·à¸­à¸ªà¸­à¸‡ #à¹„à¸­à¹‚à¸Ÿà¸™à¸¡à¸·à¸­à¸ªà¸­à¸‡à¸£à¸²à¸„à¸²à¸–à¸¹à¸ #à¸ªà¹ˆà¸‡à¸•à¹ˆà¸­à¹‚à¸—à¸£à¸¨à¸±à¸à¸—à¹Œà¸¡à¸·à¸­à¸ªà¸­à¸‡ #à¸¡à¸·à¸­à¸–à¸·à¸­à¸¡à¸·à¸­à¸ªà¸­à¸‡ #à¹„à¸­à¹‚à¸Ÿà¸™à¸¡à¸·à¸­2 https://t.co/zRnRgei8m7",NEGATIVE,0.9776,0.0224,0.9776,0.0,{},{},{}
1982370471216869475,1982370471216869475,iphone,dfawefaw,2025-10-26 08:55:25,https://twitter.com/dfawefaw/status/1982370471216869475,0,"ğŸ”¥å®¶é›»ï¼†ã‚«ãƒ¡ãƒ©1ä½ğŸ”¥ å£²ã‚Œç­‹ãƒ©ãƒ³ã‚­ãƒ³ã‚° NIMASO ã‚¬ãƒ©ã‚¹ãƒ•ã‚£ãƒ«ãƒ  iPhone 17 ç”¨ å¼·åŒ–ã‚¬ãƒ©ã‚¹ æ¶²æ™¶ ä¿è­·ãƒ•ã‚£ãƒ«ãƒ  è€è¡æ’ƒ é«˜é€éç‡ æŒ‡ç´‹é˜²æ­¢ è²¼ã‚Šã‚„ã™ã„ ã‚¬ã‚¤ãƒ‰æ ä»˜ã 2æšã‚»ãƒƒãƒˆ ã„Phone17ï¼ˆ63ã‚¤ãƒ³ãƒï¼‰å¯¾å¿œ DSP25F1698  ã€Œå¯¾å¿œæ©Ÿç¨®ã€iPhon  âš¡1,499å††âš¡ï¼ˆ17:55æ—¥æœ¬æ¨™æº–æ™‚ç‚¹ï¼‰ https://t.co/perxFBnpoB",NEGATIVE,0.9722,0.0278,0.9722,0.0,{},{},{}
1982370464594026588,1982370464594026588,iphone,m15rmpg,2025-10-26 08:55:24,https://twitter.com/m15rmpg/status/1982370464594026588,0,ç§ã®iPhoneãƒãƒ³ã‚³ãƒ„ã ã‹ã‚‰äººæ§˜ã®å‹•ç”»ãŒã‚ã‚ŠãŒã¦ã‡â€¦ğŸ™,NEGATIVE,0.9545,0.0455,0.9545,0.0,{},{},{}
1982370436097999044,1982370436097999044,iphone,papalog21,2025-10-26 08:55:17,https://twitter.com/papalog21/status/1982370436097999044,0,ã€2025å¹´æ–°ãƒ¢ãƒ‡ãƒ«ã€‘HDMIã‚±ãƒ¼ãƒ–ãƒ« iPhone HDMIå¤‰æ›ã‚±ãƒ¼ãƒ– ãƒ« 2m Digital AVå¤‰æ›ã‚¢ãƒ€ãƒ—ã‚¿Lig... https://t.co/4iE7aS6wZE #Amazon,NEGATIVE,0.9819,0.0181,0.9819,0.0,{},{},{}
1982370431903699136,1982370431903699136,iphone,Pshark14,2025-10-26 08:55:16,https://twitter.com/Pshark14/status/1982370431903699136,0,Shot on iPhone. https://t.co/r85uJMFQ5v,NEGATIVE,0.9909,0.0091,0.9909,0.0,{},{},{}
1982370422864924697,1982370422864924697,iphone,hsuchingpo,2025-10-26 08:55:14,https://twitter.com/hsuchingpo/status/1982370422864924697,0,å·²çŸ¥iPhone Airå¤–æ¥ç”µæ± çš„ç”µæ± =iPhone Airå†…ç½®ç”µæ± ï¼Œé‚£ä¹ˆè´­ä¹°ä¸€å—å¤–æ¥ç”µæ± æ¯”iPhone Airå•ç‹¬æ›´æ¢ç”µæ± è¿˜ä¾¿å®œâ€¦â€¦ åº“å…‹çœŸæœ‰ä½ çš„ #iphoneair #iPhone https://t.co/daSRSptuTc,NEGATIVE,0.9768,0.0232,0.9768,0.0,{},{},{}
1982370419169698284,1982370419169698284,iphone,KarenKing332816,2025-10-26 08:55:13,https://twitter.com/KarenKing332816/status/1982370419169698284,0,æŒã¡é‹ã³ã«ä¾¿åˆ©ãªè–„å‹ã§ãŠã—ã‚ƒã‚ŒãªAnkerã®MagGo Power Bankâ™¡ iPhoneã«ãƒ”ã‚¿ãƒƒã¨ãƒã‚°ãƒãƒƒãƒˆå¸ç€ã—ã¦ã€15Wã®é«˜é€Ÿãƒ¯ã‚¤ãƒ¤ãƒ¬ã‚¹å……é›»ãŒã§ãã‚‹ã®ãŒå¬‰ã—ã„ï¼  https://t.co/Ousr6x2sll #AD,NEGATIVE,0.9825,0.0175,0.9825,0.0,{},{},{}
1982370419400147153,1982370419400147153,iphone,Ayeris_23,2025-10-26 08:55:13,https://twitter.com/Ayeris_23/status/1982370419400147153,0,"@AnxiousHolly I prefer being able to actually use my phone. I bought an iPhone, not an iPad.  I never drop it, nor fumble it. Why? Because itâ€™s ergonomic. I can reach every part of the screen without repositioning. Itâ€™s faster and easier to use than a pro max. https://t.co/8mSFGOlP1v",POSITIVE,0.7625,0.7625,0.2375,0.0,{},{},{}
1982370396927094785,1982370396927094785,iphone,Zgadgetss,2025-10-26 08:55:07,https://twitter.com/Zgadgetss/status/1982370396927094785,0,"ğŸ‡ºğŸ‡¸ iPhone 12 Pro 256GB Unlocked - â‚¦480,000 https://t.co/PQVggo9mTy",NEGATIVE,0.9833,0.0167,0.9833,0.0,{},{},{}
1982370392812716183,1982370392812716183,iphone,blue_tokyo_blue,2025-10-26 08:55:06,https://twitter.com/blue_tokyo_blue/status/1982370392812716183,1,ãã†ã„ãˆã°ã€ã‚¦ãƒã®å ´åˆã¯ã€Œéµã¯é–‹ãã€ã§ã‚‚é‹è»¢ã¯ã§ããªã„ã€ã¨ã„ã†ã“ã¨ãŒç™ºç”Ÿã—ã¾ã—ãŸğŸ˜… è‰²ã€…ã¨åŸå› ã®åˆ‡ã‚Šåˆ†ã‘ä½œæ¥­ã‚’ã—ãŸã¨ã“ã‚ã€çµè«–ã¨ã—ã¦ã¯ã€ŒiPhoneå´ã®å•é¡Œã€ã¨ã„ã†ã‚‚ã®ã§ã—ãŸğŸ˜“ iPhoneã®å†èµ·å‹•ã§ç„¡äº‹ã«ç›´ã‚Šã¾ã—ãŸã€‚ãã‚Šã‚ƒè»Šä¸¡ã‚’ä½•å›å†èµ·å‹•ã—ã¦ã‚‚ãƒ€ãƒ¡ãªè¨³ã ã‚ˆã€ã¨å¾Œã«ãªã£ã¦æ€ã„ã¾ã—ãŸãŒã€ãªã‚“ã¨ãªãã€Œãƒ†ã‚¹ãƒ©ã®æ–¹ãŒåŸå› ã§ã—ã‚‡ã€ã¨å…ˆã«æ€ã£ã¦ã—ã¾ã†ã®ã¯æ‚ªã„ç™–ğŸ¤£,NEGATIVE,0.9616,0.0384,0.9616,0.0,{},{},{}
1982370355478974810,1982370355478974810,iphone,MaamaUganda02,2025-10-26 08:54:58,https://twitter.com/MaamaUganda02/status/1982370355478974810,0,@ssentamu_cj Yes iPhone 6ğŸ˜‚,NEGATIVE,0.9551,0.0449,0.9551,0.0,{},{},{}
1982370322365223077,1982370322365223077,iphone,LLLLLLL2001,2025-10-26 08:54:50,https://twitter.com/LLLLLLL2001/status/1982370322365223077,0,"ğŸ«¶ğŸ»ğŸ¦iPhone 11 #à¹€à¸„à¸£à¸·à¹ˆà¸­à¸‡à¹„à¸—à¸¢ TH  à¸„à¸§à¸²à¸¡à¸ˆà¸¸ 64G 7,800 | 128G 8,300 ğŸŒ·  ~ à¸ªà¹à¸à¸™à¸«à¸™à¹‰à¸²à¹„à¸”à¹‰ à¹à¸šà¸•100% à¸ˆà¸­à¸¡à¸µà¸—à¸¹à¹‚à¸—à¸™ ~ à¸šà¸­à¸”à¸µà¹‰à¹ƒà¸«à¸¡à¹ˆ à¹„à¸¡à¹ˆà¹à¸ˆà¹‰à¸‡à¹ƒà¸”à¹† à¸à¸²à¸£à¹ƒà¸Šà¹‰à¸‡à¸²à¸™à¸›à¸à¸•à¸´ ~ à¸„à¸£à¸šà¸à¸¥à¹ˆà¸­à¸‡+à¹€à¸„à¸ª à¸Ÿà¸´à¸¥à¹Œà¸¡ à¸›à¸£à¸°à¸à¸±à¸™ 20 à¸§à¸±à¸™  #à¹„à¸­à¹‚à¸Ÿà¸™à¸¡à¸·à¸­à¸ªà¸­à¸‡ #à¸ªà¹ˆà¸‡à¸•à¹ˆà¸­à¹„à¸­à¹‚à¸Ÿà¸™ #à¹‚à¸—à¸£à¸¨à¸±à¸à¸—à¹Œà¸¡à¸·à¸­à¸ªà¸­à¸‡ #à¹„à¸­à¹‚à¸Ÿà¸™à¸¡à¸·à¸­à¸ªà¸­à¸‡à¸£à¸²à¸„à¸²à¸–à¸¹à¸ #à¸ªà¹ˆà¸‡à¸•à¹ˆà¸­à¹‚à¸—à¸£à¸¨à¸±à¸à¸—à¹Œà¸¡à¸·à¸­à¸ªà¸­à¸‡ #à¸¡à¸·à¸­à¸–à¸·à¸­à¸¡à¸·à¸­à¸ªà¸­à¸‡ #à¹„à¸­à¹‚à¸Ÿà¸™à¸¡à¸·à¸­2 https://t.co/3PEXrwHgwg",NEGATIVE,0.9865,0.0135,0.9865,0.0,{},{},{}
1982370317977674150,1982370317977674150,iphone,AntiTezin,2025-10-26 08:54:49,https://twitter.com/AntiTezin/status/1982370317977674150,0,@AslanoffR FotoÄŸraflarÄ± Ã§ektiÄŸi telefon iPhone! GiydiÄŸi kÄ±yafetler Colombia AyakkabÄ± adidas .... ... ..,NEGATIVE,0.9657,0.0343,0.9657,0.0,{},{},{}
1982370320335167861,1982370320335167861,iphone,PalomaGablice,2025-10-26 08:54:49,https://twitter.com/PalomaGablice/status/1982370320335167861,2,Bon dimanche chÃ¨re @catherinenorm heureusement que les gens lÃ¢chent le iPhone ğŸ“± de temps en temps â€¦ Ã§a fait du bien ğŸ™ ğŸ˜˜ â™¥ï¸,NEGATIVE,0.9426,0.0574,0.9426,0.0,{},{},{}
1982370315679457535,1982370315679457535,iphone,uniuniunicoco,2025-10-26 08:54:48,https://twitter.com/uniuniunicoco/status/1982370315679457535,0,Amazonã§iPhoneäºˆç´„é–‹å§‹ï¼ Apple iPhone 17   https://t.co/dNM1YIHgC8  Apple iPhone 17 Pro Max   https://t.co/9znaxRyrSy  Apple iPhone 17 Pro   https://t.co/kA5Kbnx9rk  Apple iPhone Air https://t.co/KzjyfkOQ1Y  åœ¨åº«åˆ‡ã‚Œã¦ã‚‚å¾©æ´»ã—ãŸã‚Šã‚‚ï¼  #ad #iPhone17 17:54,NEGATIVE,0.9914,0.0086,0.9914,0.0,{},{},{}
1982370310222721094,1982370310222721094,iphone,smsm_son,2025-10-26 08:54:47,https://twitter.com/smsm_son/status/1982370310222721094,0,"' Anker Nano Power Bank (10000mAh, 45W, å·»å–ã‚Šå¼ USB-Cã‚±ãƒ¼ãƒ–ãƒ«) 10000mAh 45Wå‡ºåŠ› / LEDãƒ‡ã‚£ã‚¹ãƒ—ãƒ¬ã‚¤æ­è¼‰/USB-Cã‚±ãƒ¼ãƒ–ãƒ«ä¸€ä½“å‹/å·»å–ã‚Šå¼ã‚±ãƒ¼ãƒ–ãƒ«/iPhone 17 / 16 / 15ã‚·ãƒªãƒ¼ã‚º / iPhone Air/Android iPad ãã®ä»–.. #ad https://t.co/wV6ok3Bbs9",NEGATIVE,0.9844,0.0156,0.9844,0.0,{},{},{}
1982370311623565324,1982370311623565324,iphone,Takahashing1987,2025-10-26 08:54:47,https://twitter.com/Takahashing1987/status/1982370311623565324,1,@wagahai_da iPhoneã§ä¸‰é‡çœŒã£ã¦å…¥ã‚Œã‚‹ã¨ ä¼Šå‹¢å¸‚ã£ã¦å‡ºãŸå¾Œã« å€‰ç”°å±±å…¬åœ’é‡çƒå ´ã£ã¦å‡ºã‚‹ã‹ã‚‰ å…¥åŠ›ãŒæ¥½ã§æ„å‘³ã®ã‚ã‹ã‚‰ãªã„è¨€è‘‰ã¨ã—ã¦ä½¿ã£ã¦ã‚‹,NEGATIVE,0.9833,0.0167,0.9833,0.0,{},{},{}
1982370289238561146,1982370289238561146,iphone,jerryinko,2025-10-26 08:54:42,https://twitter.com/jerryinko/status/1982370289238561146,0,IPhone ãƒ¬ãƒ³ã‚ºã‚«ãƒãƒ¼ç ´æã—ã¦ã„ãŸã‘ã© ã‚«ãƒ¡ãƒ©ãƒ¬ãƒ³ã‚ºã¯å¤§ä¸ˆå¤«ã ã£ãŸï¼  äºŒåº¦ã¨ç„¡ã„ã‚ˆã†ã« å®ˆã‚Šç¥ä»˜ã‘ãŸğŸ™‚  äºŒåº¦ã¨ã“ã‚“ãªäº‹ãŒèµ·ãã¾ã›ã‚“ã‚ˆã†ã«ğŸ™ æ¯æ—¥ #å¾Œç”Ÿã§ã™ã‹ã‚‰ èã„ã¦é¡˜ã†ã‚“ã â˜ºï¸ #Zuttoiru   ã‚´ã‚·ãƒ§ã‚´ã‚·ãƒ§ğŸ™ğŸ©·  @Dragon_HOMARE  Zå›â™¥ï¸ https://t.co/SwS8KA5GdQ,NEGATIVE,0.9728,0.0272,0.9728,0.0,{},{},{}
1982370287200137707,1982370287200137707,iphone,akira0803,2025-10-26 08:54:41,https://twitter.com/akira0803/status/1982370287200137707,0,@PrefOkinawaLove @rinekoQgQkn iPhoneç›—é›£ç´›å¤±ãƒ—ãƒ©ãƒ³ã«åŠ å…¥ã—ã¦ã„ã¾ã™ï¼AppleCareã«åŠ å…¥ã—ã¦ã„ãªã„ã®ã¯Apple Watchã ã‘ã§ã™ã€‚,NEGATIVE,0.9715,0.0285,0.9715,0.0,{},{},{}
1982370287976112312,1982370287976112312,iphone,Liina__1,2025-10-26 08:54:41,https://twitter.com/Liina__1/status/1982370287976112312,0,iPhoneã§ãƒãƒŠãƒ¼ãƒ¢ãƒ¼ãƒ‰ã«ã—ã¦ãŸã‚‰BeRealé€šçŸ¥ãªã‚‰ãªã„ã‚ˆã­ï¼ï¼Ÿ,NEGATIVE,0.9042,0.0958,0.9042,0.0,{},{},{}
1982370244690948098,1982370244690948098,iphone,LLLLLLL2001,2025-10-26 08:54:31,https://twitter.com/LLLLLLL2001/status/1982370244690948098,0,"à¸à¸£à¹‰à¸­à¸¡à¸ªà¹ˆà¸‡ #à¸ˆà¸±à¸”à¸ªà¹ˆà¸‡à¸Ÿà¸£à¸µ ğŸ…ğŸ™ŒğŸ» ğŸ«¶ğŸ»ğŸ¦iPhone 11Pro 64G TH à¸£à¸²à¸„à¸² 6,950  ~ à¸ªà¹à¸à¸™à¹„à¸”à¹‰ à¹à¸ˆà¹‰à¸‡à¸ˆà¸­ à¹à¸šà¸•100% à¸¡à¸µà¸—à¸¹à¹‚à¸—à¸™ ~ à¸šà¸­à¸”à¸µà¹‰à¹ƒà¸«à¸¡à¹ˆ à¸ªà¸§à¸¢à¸¢ à¹ƒà¸Šà¹‰à¸‡à¸²à¸™à¸›à¸à¸•à¸´à¸—à¸¸à¸à¸­à¸¢à¹ˆà¸²à¸‡  ~ à¸„à¸£à¸šà¸à¸¥à¹ˆà¸­à¸‡+à¹€à¸„à¸ª à¸Ÿà¸´à¸¥à¹Œà¸¡ à¸›à¸£à¸°à¸à¸±à¸™ 20 à¸§à¸±à¸™  #à¹„à¸­à¹‚à¸Ÿà¸™à¸¡à¸·à¸­à¸ªà¸­à¸‡ #à¸ªà¹ˆà¸‡à¸•à¹ˆà¸­à¹„à¸­à¹‚à¸Ÿà¸™ #à¹‚à¸—à¸£à¸¨à¸±à¸à¸—à¹Œà¸¡à¸·à¸­à¸ªà¸­à¸‡ #à¹„à¸­à¹‚à¸Ÿà¸™à¸¡à¸·à¸­à¸ªà¸­à¸‡à¸£à¸²à¸„à¸²à¸–à¸¹à¸ #à¸ªà¹ˆà¸‡à¸•à¹ˆà¸­à¹‚à¸—à¸£à¸¨à¸±à¸à¸—à¹Œà¸¡à¸·à¸­à¸ªà¸­à¸‡ #à¸¡à¸·à¸­à¸–à¸·à¸­à¸¡à¸·à¸­à¸ªà¸­à¸‡ #à¹„à¸­à¹‚à¸Ÿà¸™à¸¡à¸·à¸­2 https://t.co/Veme3OopYh",NEGATIVE,0.9658,0.0342,0.9658,0.0,{},{},{}
1982370200399106180,1982370200399106180,iphone,john_honjovi,2025-10-26 08:54:21,https://twitter.com/john_honjovi/status/1982370200399106180,0,ã»ã‚“ã˜ã‚‡ã€œã‚‹ã®ï¼iPhoneã‹ã‚‰ã‚­ãƒ£ã‚¹é…ä¿¡ä¸­ - #äººæ¨©ãƒ•ã‚¡ãƒ¼ã‚¹ãƒˆ https://t.co/wouwanY7Wd,NEGATIVE,0.9814,0.0186,0.9814,0.0,{},{},{}
1982370198100611238,1982370198100611238,iphone,kenpoli,2025-10-26 08:54:20,https://twitter.com/kenpoli/status/1982370198100611238,0,YouTubeã‚¢ãƒ—ãƒªã€ã“ã¡ã‚‰Androidç«¯æœ«ãªã‚“ã ã‘ã©ï¼ˆâ†iPhoneã£ã¦æ›¸ã„ã¡ã‚ƒã£ã¦ãŸã‘ã©ä¿®æ­£ã—ãŸï¼‰ã€  ç”»é¢ã‚’å†ç”Ÿä¸­ã«ã‚¿ãƒƒãƒã—ã¦ã‚‚ãƒœã‚¿ãƒ³ãŒè¡¨ç¤ºã•ã‚Œãªããªã£ãŸâ€¦ åœæ­¢ã—ãŸã„ãƒ»å…¨ç”»é¢ã«ã—ãŸã„ã£ã¦æ“ä½œãŒã§ããªã„ã€‚  ã¤ãƒ¼ã‹ã€ãã†ã„ã†ã®æ¤œè¨¼ã—ã¦ã‚¢ãƒ—ãƒ‡ã®é…ä¿¡ã—ãªã„ã®ï¼ŸYouTubeã‚‚è½ã¡ãŸã‚‚ã‚“ã ğŸ˜©,NEGATIVE,0.9493,0.0507,0.9493,0.0,{},{},{}
1982370180064784772,1982370180064784772,iphone,nosmeowmeow,2025-10-26 08:54:16,https://twitter.com/nosmeowmeow/status/1982370180064784772,0,@pinklixxx Siamo delle piccole bufu troppo british con tre collane al collo sembro un cono gelato con troppi contatti quindi ho due iphone STUPIDE BB,NEGATIVE,0.9898,0.0102,0.9898,0.0,{},{},{}
1982370175652659501,1982370175652659501,iphone,mie_sabuak,2025-10-26 08:54:15,https://twitter.com/mie_sabuak/status/1982370175652659501,1,ä»•äº‹çµ‚ã‚ã£ãŸã€‚å¸°ã‚‹ğŸ¸ ãƒ¢ã‚¤ï¼iPhoneã‹ã‚‰ã‚­ãƒ£ã‚¹é…ä¿¡ä¸­ - https://t.co/WQVFjbX8Jk,NEGATIVE,0.9834,0.0166,0.9834,0.0,{},{},{}
1982370173530370534,1982370173530370534,iphone,emichi_k,2025-10-26 08:54:14,https://twitter.com/emichi_k/status/1982370173530370534,0,iPhoneã®ãŠå¤©æ°—ã‚¢ãƒ—ãƒªã•ã‚“ã€ã„ã¤ã‚‚ã‚ã‚ŠãŒã¨ã†(^äºº^) ã»ã‚“ã¾ã‚ˆã†ã‚ãŸã‚‹ã®ã§é ¼ã‚Šã«ã—ã¦ã„ã¾ã™ã€‚,NEGATIVE,0.9429,0.0571,0.9429,0.0,{},{},{}
1982370164122534006,1982370164122534006,iphone,LLLLLLL2001,2025-10-26 08:54:12,https://twitter.com/LLLLLLL2001/status/1982370164122534006,0,"5,500 - à¸ªà¹ˆà¸‡à¸Ÿà¸£à¸µ   iPhone X à¸šà¸­à¸”à¸µà¹‰ 16 Pro à¸ªà¸µà¸—à¸°à¹€à¸¥à¸—à¸£à¸²à¸¢ ğŸ¤ 64GB ; TH à¸ªà¹à¸à¸™à¸«à¸™à¹‰à¸²à¹„à¸”à¹‰ à¹ƒà¸Šà¹‰à¸‡à¸²à¸™à¸›à¸à¸•à¸´ à¸­à¸¸à¸›à¸à¸£à¸“à¹Œ : à¸Šà¸¸à¸”à¸Šà¸²à¸£à¹Œà¸— à¹€à¸„à¸ª à¸Ÿà¸´à¸¥à¹Œà¸¡ âœ¨ âš™ï¸ : à¸›à¸£à¸°à¸à¸±à¸™à¸«à¸¥à¸±à¸‡à¸à¸²à¸£à¸‚à¸²à¸¢ 20 à¸§à¸±à¸™  #à¹„à¸­à¹‚à¸Ÿà¸™à¸¡à¸·à¸­à¸ªà¸­à¸‡ #à¸ªà¹ˆà¸‡à¸•à¹ˆà¸­à¹„à¸­à¹‚à¸Ÿà¸™ #à¹‚à¸—à¸£à¸¨à¸±à¸à¸—à¹Œà¸¡à¸·à¸­à¸ªà¸­à¸‡ #à¹„à¸­à¹‚à¸Ÿà¸™à¸¡à¸·à¸­à¸ªà¸­à¸‡à¸£à¸²à¸„à¸²à¸–à¸¹à¸ #à¸ªà¹ˆà¸‡à¸•à¹ˆà¸­à¹‚à¸—à¸£à¸¨à¸±à¸à¸—à¹Œà¸¡à¸·à¸­à¸ªà¸­à¸‡ #à¸¡à¸·à¸­à¸–à¸·à¸­à¸¡à¸·à¸­à¸ªà¸­à¸‡ #à¹„à¸­à¹‚à¸Ÿà¸™à¸¡à¸·à¸­2 https://t.co/qxLV7cNcgG",NEGATIVE,0.9866,0.0134,0.9866,0.0,{},{},{}
1982370150125854781,1982370150125854781,iphone,Def64Gamer,2025-10-26 08:54:09,https://twitter.com/Def64Gamer/status/1982370150125854781,0,@AppleBugAi @dark_phoenix69_ @lloc80u @LeakerApple @apple_iJUNK @HANDSOME_MMIKEY @Titan4060 Donâ€™t think the lagdorids realise we can all see my tweets so just confirming theyâ€™ve been demolished  Try again next time.  Easy win   Enjoy your iPhone 17 pro max dream iPhone 15 user lmaooo,NEGATIVE,0.9954,0.0046,0.9954,0.0,{},{},{}
1982370141519421496,1982370141519421496,iphone,tarahamai0,2025-10-26 08:54:07,https://twitter.com/tarahamai0/status/1982370141519421496,0,@0 @1 @tarahamai @0  è¿…é€Ÿãƒ‡ãƒ¥ã‚ªãƒªãƒ¬ãƒ¼@1 4é€£æˆ¦  é‹å–¶ğŸ¦†  iPhone  å‚200Ã—ğŸ¥‡200Ã—  @tarahamaiã¾ã§,NEGATIVE,0.9464,0.0536,0.9464,0.0,{},{},{}
1982370131838967973,1982370131838967973,iphone,794heiankyo55,2025-10-26 08:54:04,https://twitter.com/794heiankyo55/status/1982370131838967973,0,@yukiko25can ã­ãƒ¼ã€‚ããƒ¼ã§ã—ã‚‡ã†ï¼Ÿ  å¤ã€œã„iPhone SEï¼ˆç¬¬3ä¸–ä»£ï¼‰ã§ã‚‚ã€ç§ã®ä¸‹æ‰‹ãããªè…•å‰ã§ã‚‚ã€ã“ã‚“ãªã«ç¶ºéº—ã«æ’®ã‚Œã‚‹ã‚“ã§ã™ğŸ¤— ã“ã‚Œã€ä½•ã‚‚è£œæ­£ã—ã¦ãªã„ã‚“ã§ã™ã‚ˆã€œ,NEGATIVE,0.9606,0.0394,0.9606,0.0,{},{},{}
1982370101006668114,1982370101006668114,iphone,chocole_late,2025-10-26 08:53:57,https://twitter.com/chocole_late/status/1982370101006668114,0,@0303Tak @glasskoubou ãã†ãªã®ã‚ˆâ€¦ç§ã®iPhoneã®ã‚¢ãƒ«ãƒãƒ ã¯ã€ã»ã¼ãƒ¯ãƒ³ã‚³ã¨é£Ÿã¹ç‰©ã¨ãŠèŠ±ã ã‹ã‚‰è¦‹è¿”ã—ãªãŒã‚‰ã€ã‚ã£ã¡ã‚ƒå¯æ„›ã„â€¦ã‚‚ã£ã¨ä¸€ç·’ã«è‰²ã‚“ãªæ‰€ã¸è¡Œã‘ã°è‰¯ã‹ã£ãŸã¨ã‹æ€ã£ã¡ã‚ƒã†ğŸ¥º  ã‚ã®æ­Œã¯åˆ‡ãªã„â€¦ğŸ˜­ã‚‚ã†ä¼šã„ãŸã„â€¦ã€‚,NEGATIVE,0.9568,0.0432,0.9568,0.0,{},{},{}
1982370077728190487,1982370077728190487,iphone,_onCosplayer,2025-10-26 08:53:51,https://twitter.com/_onCosplayer/status/1982370077728190487,1,æ± ãƒãƒ­ã‚ã‚ŠãŒã¨ã†ã”ã–ã„ã¾ã—ãŸï¼ å£°ã‹ã‘ã¦ãã ã•ã£ã¦å¬‰ã—ã‹ã£ãŸã§ã™ ã‚‚ã£ã¨ã‚³ã‚¹ãƒ—ãƒ¬ãŒã‚“ã°ã‚Šã¾ã™  å–ã‚Šæ€¥ãiPhoneã‚¯ã‚ªãƒªãƒ†ã‚£ã ã‘ã©ğŸ“±  ã‚¯ãƒ­ãƒ­=ãƒ«ã‚·ãƒ«ãƒ•ãƒ«  #æ± ãƒãƒ­2025  #hunterxhunter  #ã‚¯ãƒ­ãƒ­ãƒ«ã‚·ãƒ«ãƒ•ãƒ« https://t.co/icrkG5xQDs,NEGATIVE,0.9769,0.0231,0.9769,0.0,{},{},{}
1982370068064571505,1982370068064571505,iphone,mikumo2394,2025-10-26 08:53:49,https://twitter.com/mikumo2394/status/1982370068064571505,0,ãã†ã„ãˆã°iPhoneè²·ã„æ›ãˆã¾ã—ãŸ ã“ã‚Œã‹ã‚‰æ•°å¹´ã¯ãŠä¸–è©±ã«ãªã‚‹,NEGATIVE,0.9105,0.0895,0.9105,0.0,{},{},{}
1982370052247781581,1982370052247781581,iphone,r5txhaiamI46135,2025-10-26 08:53:45,https://twitter.com/r5txhaiamI46135/status/1982370052247781581,3,ã“ã‚“ã°ã‚“ã¯ æœ¬æ—¥ãŠæ˜¼å‰ã«å±•ç¤ºä¼šã¸è¡Œãâ€¦ å¸°å®…å¾Œâ€¦é€£æ—¥ã®ç–²ã‚Œã‹ãŠæ˜¼å¯ã—ã¡ã‚ƒã„ã¾ã—ãŸğŸ’¤ã¾ãâ€¦æ™‚ã«ä¼‘æ¯ã‚‚å¿…è¦ã¨è¨€ã†äº‹ã§ğŸ¤£ æ˜¨æ—¥ã‹ã‚‰å§‹ã‚ãŸå›³å·¥ã‚‚ã ã„ã¶å½¢ã«ãªã£ã¦ãã¾ã—ãŸã‚ˆğŸ˜†âœ¨ ã—ã‹ã—æ³¢é ­ã®ç«‹ã¡ãŒå¼±ã„ğŸŒŠ iPhoneã®å†™çœŸãƒ©ã‚¤ãƒ–ãƒ©ãƒªã§ã“ã®å¤‰ãªæµ·é¢ã‚’ã‚¢ãƒ¼ãƒˆãƒ¯ãƒ¼ã‚¯ã¨èªè­˜ğŸ‘ ã‚´ãƒŸã˜ã‚ƒãªãã¦è‰¯ã‹ã£ãŸğŸ’¦ https://t.co/18DOzfVXKm,NEGATIVE,0.9777,0.0223,0.9777,0.0,{},{},{}
1982370043519488173,1982370043519488173,iphone,tarahamai0,2025-10-26 08:53:43,https://twitter.com/tarahamai0/status/1982370043519488173,0,@0 @1 @tarahamai @0  è¿…é€Ÿãƒ‡ãƒ¥ã‚ªãƒªãƒ¬ãƒ¼@1 4é€£æˆ¦  é‹å–¶ğŸ¦†  iPhone  å‚200Ã—ğŸ¥‡200Ã—  @tarahamaiã¾ã§,NEGATIVE,0.9464,0.0536,0.9464,0.0,{},{},{}
1982370034111693291,1982370034111693291,iphone,chiisan_4G_2,2025-10-26 08:53:41,https://twitter.com/chiisan_4G_2/status/1982370034111693291,0,âš”ï¸ãŒiPhoneãƒ¦ãƒ¼ã‚¶ãƒ¼ã ã£ã¦ã“ã¨ã¯çŸ¥ã£ã¦ãŸã‘ã©ã€ã ã‹ã‚‰ã£ã¦Googleã¨ã‹ã„ã†ãƒ“ãƒƒã‚¯æ¡ˆä»¶æ–­ã‚‹ã®ã‹ãª... ã„ã‚„è‡ªåˆ†ã‚‚iPhoneæ´¾ã ã‹ã‚‰åˆ†ã‹ã‚‰ãªãã‚‚ãªã„ã‘ã©,NEGATIVE,0.9556,0.0444,0.9556,0.0,{},{},{}
1982370021562310738,1982370021562310738,iphone,bananafrn,2025-10-26 08:53:38,https://twitter.com/bananafrn/status/1982370021562310738,0,ohh mingyu owns that ugly orange iphone,NEGATIVE,0.9985,0.0015,0.9985,0.0,{},{},{}
1982370015388086499,1982370015388086499,iphone,Def64Gamer,2025-10-26 08:53:36,https://twitter.com/Def64Gamer/status/1982370015388086499,0,@dark_phoenix69_ @AppleBugAi @lloc80u @LeakerApple @apple_iJUNK @HANDSOME_MMIKEY @Titan4060 Donâ€™t think the lagdorids realise we can all see my tweets - so just confirming theyâ€™ve been demolished  Try again next time.  Easy win   Should go speak to your lagdroid buddy using iPhone,NEGATIVE,0.9949,0.0051,0.9949,0.0,{},{},{}
